Workbook

Sheet Inputs
A1: Interview Cost Model — Inputs
A2: All blue cells are editable. Black = formulas. Currency: NZD unless marked USD.
A3: SCENARIO CONTROLS (edit these)
A4: Interview length (minutes) | B4: 10
A5: Depth tier (1=Shallow, 2=Standard, 3=Deep) | B5: 1
A6: Students per class | B6: 30
A7: Assessments per semester | B7: 2
A9: FX
A10: USD -> NZD rate | B10: 1.71
A12: UNIT PRICES (USD, list)
A13: gpt-4o input ($/1M tok) | B13: 2.5
A14: gpt-4o output ($/1M tok) | B14: 10
A15: gpt-4o-mini input ($/1M tok) | B15: 0.15
A16: gpt-4o-mini output ($/1M tok) | B16: 0.6
A17: reasoning input ($/1M tok) | B17: 2
A18: reasoning output ($/1M tok) | B18: 8
A19: ElevenLabs ($/character) | B19: 0.00011
A20: recall.ai ($/bot-minute) | B20: 0.00833
A21: Fargate ($/vCPU-hour, Sydney) | B21: 0.04856
A22: Fargate ($/GB-hour, Sydney) | B22: 0.00532
A24: TASK / USAGE ASSUMPTIONS
A25: Fargate vCPUs | B25: 8
A26: Fargate memory (GB) | B26: 16
A27: Fargate cold-start overhead (min) | B27: 3
A28: Interviewer LLM calls (per baseline interview) | B28: 13
A29: Interviewer avg input tok / call | B29: 1500
A30: Marking input tokens | B30: 6000
A31: TTS characters (per baseline interview) | B31: 2850
A32: Baseline minutes (for per-minute scaling) | B32: 10
A34: DEPTH TIER TABLE
A35: Tier | B35: Interviewer max_tokens | C35: Marking output tok | D35: Marker in $/1M | E35: Marker out $/1M
A36: 1 | B36: 120 | C36: 500 | D36: =B13 | E36: =B14
A37: 2 | B37: 300 | C37: 2500 | D37: =B13 | E37: =B14
A38: 3 | B38: 800 | C38: 6000 | D38: =B17 | E38: =B18
A40: SELECTED DEPTH (from tier control B5)
A41: Interviewer max_tokens | B41: =INDEX(B36:B38,$B$5)
A42: Marking output tokens | B42: =INDEX(C36:C38,$B$5)
A43: Marker input $/1M | B43: =INDEX(D36:D38,$B$5)
A44: Marker output $/1M | B44: =INDEX(E36:E38,$B$5)

Sheet Per-Interview
A1: Per-Interview Cost
A3: Selected scenario
A4: Interview minutes | B4: =Inputs!B4
A5: Depth tier | B5: =Inputs!B5
A6: USD -> NZD | B6: =Inputs!B10
A8: Component | B8: Scales with | C8: USD | D8: NZD | E8: Share
A9: ElevenLabs TTS | B9: time | C9: =(Inputs!B31/Inputs!B32*$B$4)*Inputs!B19 | D9: =C9*$B$6 | E9: =D9/$D$15
A10: recall.ai bot | B10: time | C10: =Inputs!B20*$B$4 | D10: =C10*$B$6 | E10: =D10/$D$15
A11: Fargate (8 vCPU / 16 GB) | B11: time | C11: =(Inputs!B25*Inputs!B21+Inputs!B26*Inputs!B22)/60*($B$4+Inputs!B27) | D11: =C11*$B$6 | E11: =D11/$D$15
A12: OpenAI marking (gpt-4o) | B12: depth | C12: =(Inputs!B30*Inputs!B43+Inputs!B42*Inputs!B44)/1000000 | D12: =C12*$B$6 | E12: =D12/$D$15
A13: OpenAI interviewer (gpt-4o-mini) | B13: time + depth | C13: =(Inputs!B28/Inputs!B32*$B$4)*(Inputs!B29*Inputs!B15+Inputs!B41*Inputs!B16)/1000000 | D13: =C13*$B$6 | E13: =D13/$D$15
A14: faster-whisper STT (local) | B14: - | C14: =0 | D14: =C14*$B$6 | E14: =D14/$D$15
A15: Total per interview | C15: =SUM(C9:C14) | D15: =SUM(D9:D14) | E15: =SUM(E9:E14)
A17: Headline metrics
A18: Per-interview cost (NZD) | B18: =D15
A19: Base rate (NZD / interview-minute) | B19: =(D9+D10+(Inputs!B25*Inputs!B21+Inputs!B26*Inputs!B22)/60*$B$4*$B$6+D13)/$B$4
A20: Marking alone (NZD) | B20: =D12
A22: Note: base rate excludes marking & Fargate cold-start (the non-time-scaled pieces).

Sheet Scaling
A1: Scaling — class & semester totals
A3: Current scenario (uses Inputs tier & minutes)
A4: Per interview (NZD) | B4: ='Per-Interview'!B18
A5: Students per class | B5: =Inputs!B6
A6: Assessments per semester | B6: =Inputs!B7
A7: Per class, 1 assessment | B7: =B4*B5
A8: Per class, full semester | B8: =B4*B5*B6
A11: Tier parameters (NZD, independent of scenario)
B12: Tier 1 | C12: Tier 2 | D12: Tier 3
A13: Variable rate (NZD / min) | B13: =((Inputs!B31/Inputs!B32)*Inputs!B19+Inputs!B20+(Inputs!B25*Inputs!B21+Inputs!B26*Inputs!B22)/60+(Inputs!B28/Inputs!B32)*(Inputs!B29*Inputs!B15+Inputs!B36*Inputs!B16)/1000000)*Inputs!B10 | C13: =((Inputs!B31/Inputs!B32)*Inputs!B19+Inputs!B20+(Inputs!B25*Inputs!B21+Inputs!B26*Inputs!B22)/60+(Inputs!B28/Inputs!B32)*(Inputs!B29*Inputs!B15+Inputs!B37*Inputs!B16)/1000000)*Inputs!B10 | D13: =((Inputs!B31/Inputs!B32)*Inputs!B19+Inputs!B20+(Inputs!B25*Inputs!B21+Inputs!B26*Inputs!B22)/60+(Inputs!B28/Inputs!B32)*(Inputs!B29*Inputs!B15+Inputs!B38*Inputs!B16)/1000000)*Inputs!B10
A14: Fixed per interview (NZD) | B14: =((Inputs!B25*Inputs!B21+Inputs!B26*Inputs!B22)/60*Inputs!B27+(Inputs!B30*Inputs!D36+Inputs!C36*Inputs!E36)/1000000)*Inputs!B10 | C14: =((Inputs!B25*Inputs!B21+Inputs!B26*Inputs!B22)/60*Inputs!B27+(Inputs!B30*Inputs!D37+Inputs!C37*Inputs!E37)/1000000)*Inputs!B10 | D14: =((Inputs!B25*Inputs!B21+Inputs!B26*Inputs!B22)/60*Inputs!B27+(Inputs!B30*Inputs!D38+Inputs!C38*Inputs!E38)/1000000)*Inputs!B10
A16: Per-interview cost (NZD) by length x depth
A17: Minutes | B17: Shallow | C17: Standard | D17: Deep
A18: 5 | B18: =$A18*B$13+B$14 | C18: =$A18*C$13+C$14 | D18: =$A18*D$13+D$14
A19: 10 | B19: =$A19*B$13+B$14 | C19: =$A19*C$13+C$14 | D19: =$A19*D$13+D$14
A20: 15 | B20: =$A20*B$13+B$14 | C20: =$A20*C$13+C$14 | D20: =$A20*D$13+D$14
A21: 20 | B21: =$A21*B$13+B$14 | C21: =$A21*C$13+C$14 | D21: =$A21*D$13+D$14
A24: Semester cost (NZD) — class of N, all assessments, by depth (10-min interview)
B25: Shallow | C25: Standard | D25: Deep
A26: Per class, full semester | B26: =(10*B13+B14)*Inputs!B6*Inputs!B7 | C26: =(10*C13+C14)*Inputs!B6*Inputs!B7 | D26: =(10*D13+D14)*Inputs!B6*Inputs!B7
